slug,gd_title,site_title,short_description,description,instructions,controls_mobile,controls_desktop,genres,tags,kids_friendly,no_blood,orientation,width,height,mobile_ready,desktop_ready,players,language,rewarded_ads,zip_file,thumbnails
blade-spin,Blade Spin,Blade Spin,Throw blades into a spinning log without touching the ones already stuck.,"Blade Spin is a one-tap throwing game. A wooden target spins at the top of the screen and you throw blades into it one at a time. Every blade that sticks scores a point, but touching a blade that is already stuck ends the run. Empty your rack to split the log, beat a boss log every fifth stage, and slice apples and gems on the rim for bonus points.","Tap anywhere to throw a blade straight up into the spinning target. On a computer, click or press Space, Enter or the Up arrow. Time each throw for a gap between the blades already stuck in the wood: hitting another blade ends the run. Use every blade in the rack to clear the stage. Apples are worth 2 points and gems 3.",Tap anywhere to throw a blade,Mouse: Click to throw a blade | Keyboard: Space / Enter / ↑ to throw,"Casual, Agility","knife, throwing, timing, skill, arcade",no,yes,Portrait,720,1280,yes (touch),yes (mouse and keyboard),1,English,yes (Continue after game over),games/blade-spin.zip,assets/blade-spin/blade-spin-512x512.jpg assets/blade-spin/blade-spin-512x384.jpg assets/blade-spin/blade-spin-200x120.jpg assets/blade-spin/blade-spin-1280x720.jpg assets/blade-spin/blade-spin-1280x550.jpg
block-crush,Block Crush Combo,Block Crush,"Drop jewel blocks on an 8x8 grid, clear lines and chain combos.","Block Crush Combo is a relaxing block puzzle on an 8x8 grid. Drag colorful jewel blocks from the tray onto the board and fill complete rows or columns to clear them. Clear several lines with one piece, or clear on back to back moves, to build a combo multiplier. Plan ahead: when none of the three pieces in the tray fit, the game is over. There is no timer, so think as long as you like.","Drag one of the three pieces from the tray and drop it on the 8x8 board. Fill a whole row or column to clear it, and place all three pieces to get a new set. On a computer, drag with the mouse, or press 1 to 3 (or Q and E) to pick a piece, the arrow keys to move it and Enter to place it. The game ends when no remaining piece fits.",Drag a piece from the tray and drop it on the board,"Mouse: Click and drag a piece onto the grid | Keyboard: 1-3 or Q/E to pick a piece, arrows to move, Enter to place",Puzzle,"block, tiles, logic, relaxing, highscore",yes,yes,Portrait,720,1280,yes (touch),yes (mouse and keyboard),1,English,yes (Continue after game over),games/block-crush.zip,assets/block-crush/block-crush-512x512.jpg assets/block-crush/block-crush-512x384.jpg assets/block-crush/block-crush-200x120.jpg assets/block-crush/block-crush-1280x720.jpg assets/block-crush/block-crush-1280x550.jpg
brick-barrage,Brick Barrage,Brick Barrage,"Aim, fire a volley of bouncing balls and smash numbered bricks.","Brick Barrage is a ball shooter about the perfect angle. Aim, fire a whole volley of bouncing balls and smash numbered bricks before the wall reaches the red line. Every hit knocks one point off a brick, and every glowing ring you collect adds another ball to your volley. Use rebounds off the walls to reach bricks at the back. The wall steps down a row after every turn.","Touch and drag anywhere to aim, then let go to fire. The dotted line shows your path and the first rebound. With a mouse, point to aim and click to fire. With a keyboard, use the Left and Right arrows to aim and Space, Enter or Up to fire. Tap or click during a volley to speed it up. Collect rings for extra balls and keep the bricks away from the red line.","Drag to aim, release to fire. Tap during a volley to speed it up.","Mouse: Point to aim, click to fire. Click during a volley to speed it up. | Keyboard: ← / → to aim, Space / Enter / ↑ to fire (and to speed up)",Casual,"brickbreaker, ball, aim, physics, arcade",yes,yes,Portrait,720,1280,yes (touch),yes (mouse and keyboard),1,English,yes (Continue after game over),games/brick-barrage.zip,assets/brick-barrage/brick-barrage-512x512.jpg assets/brick-barrage/brick-barrage-512x384.jpg assets/brick-barrage/brick-barrage-200x120.jpg assets/brick-barrage/brick-barrage-1280x720.jpg assets/brick-barrage/brick-barrage-1280x550.jpg
color-rush,Color Rush Climb,Color Rush,Hop a glowing ball through spinning gates where only your color lets you pass.,"Color Rush Climb is a reflex game about matching colors. Tap to hop a glowing ball upward through spinning rings, bars, squares and windmills, each built from four colors. You can only pass through the part that matches the color of your ball, so watch the rotation and time every hop. Grab stars for points and touch rainbow orbs to switch color. The gates spin faster the higher you climb.","Tap anywhere to make the ball hop upward. Stop tapping and it falls. On a computer, click or press Space, Enter or the Up arrow. Pass only through the part of each gate that has the same color as your ball. Touching any other color, or falling off the bottom of the screen, ends the run. Collect stars for points and rainbow orbs to change color.",Tap anywhere to hop upward,Mouse: Click to hop upward | Keyboard: Space / Enter / ↑ to hop,"Agility, Casual","color, colormatch, ball, reflex, endless",yes,yes,Portrait,720,1280,yes (touch),yes (mouse and keyboard),1,English,yes (Continue after game over),games/color-rush.zip,assets/color-rush/color-rush-512x512.jpg assets/color-rush/color-rush-512x384.jpg assets/color-rush/color-rush-200x120.jpg assets/color-rush/color-rush-1280x720.jpg assets/color-rush/color-rush-1280x550.jpg
hole-party,Hole Party,Hole Party,"Up to 4 players on one screen: swallow the city, then swallow your friends.","Hole Party is a party game for 1 to 4 players on one screen. Every player is a hole in the ground of a busy little city. Glide over cones, benches, trees, cars and buses to swallow them and grow, then gulp down smaller rival holes. Rounds last 40 seconds and the biggest hole wins the crown. From round 2 a twist card changes the rules. Bots fill every empty seat, so it also plays well solo.","Each player owns one corner of the screen as their only button. Tap your corner in the lobby to join, then press PLAY. Hold your button to glide the way your arrow points and let go to spin the arrow. Keyboard players use Z, M, P and Q, or Space when playing alone. Swallow anything smaller than your hole, including rival holes that are about 20 percent smaller.","Tap your corner of the screen in the lobby to join (up to 4 players on one phone or tablet), then press PLAY. In the game your corner is your only button: hold it to glide your hole, let go to spin the arrow. Bots take every empty seat.","Mouse: Click a corner to join, then click PLAY. Hold the mouse button on your corner to glide, release to spin the arrow. Bots fill the empty corners. | Keyboard: One key per player: Z (bottom left), M (bottom right), P (top right) and Q (top left). Press your key in the lobby to join and Enter or Space to start. Hold your key to glide, let go to spin. Playing alone? Space works too, and bots fill the other seats.","Casual, Battle","2players, party, hole, city, friends",yes,yes,Portrait,720,1280,yes (touch),yes (mouse and keyboard),1-4 on one screen (bots fill empty seats),English,no,games/hole-party.zip,assets/hole-party/hole-party-512x512.jpg assets/hole-party/hole-party-512x384.jpg assets/hole-party/hole-party-200x120.jpg assets/hole-party/hole-party-1280x720.jpg assets/hole-party/hole-party-1280x550.jpg
juicy-drop,Juicy Drop,Juicy Drop,Drop fruit into the jar and merge matching pairs all the way to a watermelon.,"Juicy Drop is a physics merge puzzle with cute fruit. Drop fruit into the jar and watch it roll and settle. When two identical fruits touch, they merge into the next bigger fruit, from cherries all the way up to a giant watermelon. Chain merges for big scores and keep the pile below the dashed line. It is calm to play and hard to master, and every drop changes the shape of the pile.","Drag left or right to position the fruit at the top of the jar, then lift your finger to drop it. With a mouse, move to aim and click to drop. With a keyboard, use the Left and Right arrows to move and Space, Down or Enter to drop. Two identical fruits merge into a bigger one. If fruit stays above the dashed line for two seconds, the game ends.","Drag to position the fruit, lift your finger to drop it","Mouse: Move to position the fruit, click to drop it | Keyboard: ← / → to move, Space / ↓ / Enter to drop","Merge, Puzzle","fruits, physics, watermelon, relaxing, cute",yes,yes,Portrait,720,1280,yes (touch),yes (mouse and keyboard),1,English,yes (Continue after game over),games/juicy-drop.zip,assets/juicy-drop/juicy-drop-512x512.jpg assets/juicy-drop/juicy-drop-512x384.jpg assets/juicy-drop/juicy-drop-200x120.jpg assets/juicy-drop/juicy-drop-1280x720.jpg assets/juicy-drop/juicy-drop-1280x550.jpg
merge-2048,2048 Slide and Merge,2048,"Slide and merge number tiles to reach 2048, then keep going.","2048 Slide and Merge is the classic number puzzle on a 4x4 board. Slide every tile at once, merge two tiles with the same number into one worth their sum, and work your way up to the 2048 tile. A new 2 or 4 appears after every move, so keep space open and keep your biggest tile in a corner. Reach 2048, then keep going for 4096 and a new best score.","Swipe up, down, left or right to slide every tile on the board. With a mouse, click and drag in a direction. With a keyboard, use the arrow keys or W, A, S and D. Two tiles with the same number merge into one when they touch. A new tile appears after every move. The game ends when the board is full and no move can merge anything.","Swipe up, down, left or right to slide every tile",Mouse: Click and drag in a direction to slide the tiles | Keyboard: Arrow keys or WASD,"Puzzle, Merge","2048, number, math, logic, tiles",yes,yes,Portrait,720,1280,yes (touch),yes (mouse and keyboard),1,English,yes (Continue after game over),games/merge-2048.zip,assets/merge-2048/merge-2048-512x512.jpg assets/merge-2048/merge-2048-512x384.jpg assets/merge-2048/merge-2048-200x120.jpg assets/merge-2048/merge-2048-1280x720.jpg assets/merge-2048/merge-2048-1280x550.jpg
neon-snake,Neon Snake Combo,Neon Snake,Steer a glowing snake around a neon grid and chain quick bites for combos.,"Neon Snake Combo is a fast take on the classic snake game. Steer a glowing snake around a neon grid, eat orbs to grow longer, and eat the next orb quickly to build a combo for bonus points. Golden orbs are worth 5 points but vanish when their ring runs out. Walls, neon blocks and your own tail end the run, so plan your turns as the snake gets longer.","Swipe in any direction to turn the snake. You can swipe ahead of time to queue your next turn. With a mouse, drag to turn or click beside the snake's head. With a keyboard, use the arrow keys or W, A, S and D. Eat orbs to grow and score, and eat the next one quickly for a combo. Avoid the walls, the neon blocks and your own tail.",Swipe in any direction to turn (you can swipe ahead of time),"Mouse: Drag to turn, or click beside the snake’s head to turn toward that side | Keyboard: Arrow keys or WASD to steer","Casual, Agility","snake, retro, classic, arcade, skill",yes,yes,Portrait,720,1280,yes (touch),yes (mouse and keyboard),1,English,yes (Continue after game over),games/neon-snake.zip,assets/neon-snake/neon-snake-512x512.jpg assets/neon-snake/neon-snake-512x384.jpg assets/neon-snake/neon-snake-200x120.jpg assets/neon-snake/neon-snake-1280x720.jpg assets/neon-snake/neon-snake-1280x550.jpg
paddle-brawl,Paddle Brawl,Paddle Brawl,"Four walls, four paddles, one button each: four-way paddle ball on one screen.","Paddle Brawl is four way paddle ball for 1 to 4 players on one screen. Every player defends one wall of a neon court with a single button. Your paddle slides on its own: tap to turn it around and hold to slow it down. Each goal you let in costs a heart, and losing all three closes your goal for good. Balls speed up and more join in. The last paddle standing wins and bots fill empty seats.","Tap your corner of the screen to join, then press PLAY. Your paddle slides by itself along your wall. Tap your button to turn it around and hold it to slow down. Keyboard players use Z, M, P and Q, one key per player, and Enter to start. Stop the balls from getting into your goal: each goal costs one of your three hearts.","Tap your corner to join. Your paddle slides on its own: tap your corner to turn it around, hold to slow it down. Bots fill every empty seat.","Mouse: Click a corner to join. Click that corner to turn your paddle around, hold the button to slow it down. Bots fill every empty seat. | Keyboard: Z, M, P and Q are the four players (one button each). Press yours to join, press Enter to start, then tap it to turn your paddle around and hold it to slow down. Bots fill every empty seat.","Casual, Sports","2players, party, ball, friends, arcade",yes,yes,Portrait,720,1280,yes (touch),yes (mouse and keyboard),1-4 on one screen (bots fill empty seats),English,no,games/paddle-brawl.zip,assets/paddle-brawl/paddle-brawl-512x512.jpg assets/paddle-brawl/paddle-brawl-512x384.jpg assets/paddle-brawl/paddle-brawl-200x120.jpg assets/paddle-brawl/paddle-brawl-1280x720.jpg assets/paddle-brawl/paddle-brawl-1280x550.jpg
puck-panic,Puck Panic,Puck Panic,Neon air hockey for up to 4 players on one screen with one button each.,"Puck Panic is neon air hockey for 1 to 4 players on one screen. Each player owns a goal and a mallet controlled by one button. Hold to charge at the puck and let go to glide back and guard your goal. Two players get classic end to end air hockey, while three or four players add goals on the sides. Extra pucks drop in as the match heats up. Bots fill empty seats.","Tap your corner of the screen to join, then press PLAY. Hold your corner button to send your mallet after the puck and release it to glide back to your goal. Keyboard players use Z, M, P and Q, one key each, and Enter or Space to start. A puck in your goal costs one of your 3 lives, and the last mallet standing wins the round.","Tap your corner of the screen to join, then press PLAY. In the match, hold your corner button to send your mallet after the puck and let go to glide back to your goal. Empty seats are filled by bots.","Mouse: Click a corner to join and click PLAY. Hold the mouse button on your corner to charge the puck, release to return to your goal. Bots take every empty seat. | Keyboard: Each player has one key: Z (bottom-left), M (bottom-right), P (top-right) and Q (top-left). Press your key in the lobby to join, Enter or Space to start. Hold your key to charge the puck, let go to guard your goal. Bots fill the empty seats.","Sports, Casual","airhockey, hockey, 2players, party, friends",yes,yes,Portrait,720,1280,yes (touch),yes (mouse and keyboard),1-4 on one screen (bots fill empty seats),English,no,games/puck-panic.zip,assets/puck-panic/puck-panic-512x512.jpg assets/puck-panic/puck-panic-512x384.jpg assets/puck-panic/puck-panic-200x120.jpg assets/puck-panic/puck-panic-1280x720.jpg assets/puck-panic/puck-panic-1280x550.jpg
reflex-duel,Reflex Duel,Reflex Duel,"A western reaction duel for up to 4 players: wait for DRAW!, fastest tap wins.","Reflex Duel is a western reaction time game for 1 to 4 players on one screen. Every player is a gunslinger waiting by their corner. After a tense wait of random length, DRAW! flashes and the fastest tap wins the round. Tap too early and it is a false start. Every round shows each reaction time in milliseconds, and twist cards bring fake signals and other surprises. Bots fill empty seats.","Tap your corner of the screen to join, then press PLAY. Keep a finger ready and tap your corner the instant DRAW! appears. Keyboard players use Z, M, P and Q, one key each, and Enter or Space to start. Tapping before the signal is a false start and puts you out of that round. The first player to 5 crowns wins the cup.","Tap your corner of the screen to join, then press PLAY. In the duel, keep a finger ready and tap your corner the instant DRAW! flashes. Empty seats are filled by bots.","Mouse: Click a corner to join and click PLAY. When DRAW! flashes, click as fast as you can (playing solo, anywhere works). Bots take every empty seat. | Keyboard: Each player has one key: Z (bottom-left), M (bottom-right), P (top-right) and Q (top-left). Press your key in the lobby to join, Enter or Space to start. Press your key the moment DRAW! flashes. Bots fill the empty seats.","Casual, Battle","duel, western, reflex, 2players, party",no,yes,Portrait,720,1280,yes (touch),yes (mouse and keyboard),1-4 on one screen (bots fill empty seats),English,no,games/reflex-duel.zip,assets/reflex-duel/reflex-duel-512x512.jpg assets/reflex-duel/reflex-duel-512x384.jpg assets/reflex-duel/reflex-duel-200x120.jpg assets/reflex-duel/reflex-duel-1280x720.jpg assets/reflex-duel/reflex-duel-1280x550.jpg
road-hopper,Road Hopper,Road Hopper,"Hop a chunky chick across roads, rivers and railway tracks.","Road Hopper is an endless arcade hopper. Guide a chunky chick across busy roads, rushing rivers and railway tracks, one hop at a time. Wait for a gap in the traffic, ride logs and lily pads across the water, and watch for the flashing lights that warn of a train. Keep moving forward, because a hawk swoops in on anyone who falls behind. See how far you can go.","Tap to hop forward one row. Swipe left or right, or tap near the edges of the screen, to step sideways, and swipe down to hop back. With a mouse, click to hop and drag to change direction. With a keyboard, use Up, W or Space to hop, Left and Right or A and D to step sideways, and Down or S to go back. Avoid cars and trains and stay out of the water.","Tap to hop forward, swipe left, right or down to change direction (or tap the screen edges to side-step)","Mouse: Click to hop forward, drag left, right or down to change direction | Keyboard: ↑ / W / Space to hop forward, ← → or A D to side-step, ↓ / S to hop back","Agility, Casual","chicken, road, endless, jumping, arcade",yes,yes,Portrait,720,1280,yes (touch),yes (mouse and keyboard),1,English,yes (Continue after game over),games/road-hopper.zip,assets/road-hopper/road-hopper-512x512.jpg assets/road-hopper/road-hopper-512x384.jpg assets/road-hopper/road-hopper-200x120.jpg assets/road-hopper/road-hopper-1280x720.jpg assets/road-hopper/road-hopper-1280x550.jpg
rooftop-rush,Rooftop Rush,Rooftop Rush,A one-button ninja race across night-city rooftops for up to 4 players.,"Rooftop Rush is a ninja race across night city rooftops for 1 to 4 players on one screen. Every player gets a lane and one button: tap to jump, hold to jump higher and tap again in the air for a double jump. Clear gaps, chimneys, vents, water towers and laundry lines. The camera follows the leader, so anyone who falls off the left edge is out. Bots fill empty seats.","Tap your corner of the screen to join, then press PLAY. Your ninja runs on its own. Tap your button to jump, hold it for a higher jump and tap again in the air to double jump. Keyboard players use Z, M, P and Q, one key each, and Enter to start. Do not fall off the left edge of the screen. The first ninja across the finish line wins the round.","Tap your corner to join, then tap it to jump. Hold for a higher jump, tap again in the air to double jump. Bots fill every empty seat.","Mouse: Click a corner to join, then click that corner to jump. Hold for height, click again in the air to double jump. Bots fill every empty seat. | Keyboard: Z, M, P and Q are the four players (one button each). Press yours to join, press Enter to start, then press it to jump and hold it to jump higher. Bots fill every empty seat.","Agility, Casual","ninja, runner, parkour, 2players, party",yes,yes,Portrait,720,1280,yes (touch),yes (mouse and keyboard),1-4 on one screen (bots fill empty seats),English,no,games/rooftop-rush.zip,assets/rooftop-rush/rooftop-rush-512x512.jpg assets/rooftop-rush/rooftop-rush-512x384.jpg assets/rooftop-rush/rooftop-rush-200x120.jpg assets/rooftop-rush/rooftop-rush-1280x720.jpg assets/rooftop-rush/rooftop-rush-1280x550.jpg
rope-rumble,Rope Rumble,Rope Rumble,One-button tug of war for up to 4 players: heave on the beat.,"Rope Rumble is a one button tug of war for 1 to 4 players on one screen. Everyone pulls a rope tied to one ring in a mud pit. Tap to heave the ring toward you, and tap again as the ring around your puller turns green for a power pull that is three times stronger. Mashing drains your stamina, so find the rhythm. Drag the ring over your line to win the round. Bots fill empty seats.","Tap your corner of the screen to join, then press PLAY. Tap your corner button to heave the ring toward you. Tap again just as the ring around your puller turns green for a power pull, and hold your button to dig in while you are being dragged. Keyboard players use Z, M, P and Q, one key each, and Enter or Space to start.","Tap your corner of the screen to join, then press PLAY. In the match, tap your corner button to heave, tap as the ring around your puller turns green for a power pull, and hold to dig in. Empty seats are filled by bots.","Mouse: Click a corner to join and click PLAY. Click your corner to heave, click when the ring turns green for a power pull, and hold the mouse button to dig in. Bots take every empty seat. | Keyboard: Each player has one key: Z (bottom-left), M (bottom-right), P (top-right) and Q (top-left). Press your key in the lobby to join, Enter or Space to start. Tap your key to heave, hold it to dig in. Bots fill the empty seats.","Casual, Sports","rope, 2players, party, timing, friends",yes,yes,Portrait,720,1280,yes (touch),yes (mouse and keyboard),1-4 on one screen (bots fill empty seats),English,no,games/rope-rumble.zip,assets/rope-rumble/rope-rumble-512x512.jpg assets/rope-rumble/rope-rumble-512x384.jpg assets/rope-rumble/rope-rumble-200x120.jpg assets/rope-rumble/rope-rumble-1280x720.jpg assets/rope-rumble/rope-rumble-1280x550.jpg
shark-attack,Shark Attack Party,Shark Attack,"Water tag for up to 4 players: one shark, many ducks, every bite makes a new shark.","Shark Attack Party is a game of tag in the water for 1 to 4 players on one screen. One player starts as the shark and everyone else is a rubber duck. Every bite turns a duck into another shark, so the pool fills with sharks fast. Ducks that stay afloat for 35 seconds share the crown, and if the sharks catch every duck, the first shark wins. Bots fill empty seats.","Tap your corner of the screen to join, then press PLAY. Hold your corner button to swim the way you are facing and let go to spin in place. Ducks get a splash boost with every new press, so quick taps help them escape. Keyboard players use Z, M, P and Q, or Space when playing alone. A shark that bites a duck turns it into a shark.","Tap your corner of the screen in the lobby to join (up to 4 players on one phone or tablet), then press PLAY. In the game your corner is your only button: hold it to swim, let go to spin. Bots take every empty seat.","Mouse: Click a corner to join, then click PLAY. Hold the mouse button on your corner to swim, release to spin. Bots fill the empty corners. | Keyboard: One key per player: Z (bottom left), M (bottom right), P (top right) and Q (top left). Press your key in the lobby to join and Enter or Space to start. Hold your key to swim, let go to spin. Playing alone? Space works too, and bots fill the other seats.","Casual, Agility","shark, duck, 2players, party, friends",yes,yes,Portrait,720,1280,yes (touch),yes (mouse and keyboard),1-4 on one screen (bots fill empty seats),English,no,games/shark-attack.zip,assets/shark-attack/shark-attack-512x512.jpg assets/shark-attack/shark-attack-512x384.jpg assets/shark-attack/shark-attack-200x120.jpg assets/shark-attack/shark-attack-1280x720.jpg assets/shark-attack/shark-attack-1280x550.jpg
sky-flap,Sky Flap,Sky Flap,Tap to flap a little bird through glowing neon pillars.,"Sky Flap is a one tap flying game with a neon city skyline. Tap to give a round little bird a quick flap and guide it through the gaps between glowing pillars. Every gap you pass scores a point. The gaps get tighter and faster as you go, and later pillars start sliding up and down. Short, steady taps work best. Beat your best score or take on the daily challenge.","Tap anywhere on the screen to flap. Each tap lifts the bird a little and gravity pulls it back down. On a computer, click or press Space, Enter or the Up arrow. Fly through the gap between each pair of neon pillars to score a point. Touching a pillar or the ground ends the run, so keep your taps short and steady.",Tap anywhere to flap,Mouse: Click to flap | Keyboard: Space / Enter / ↑ to flap,"Agility, Casual","bird, flying, endless, skill, arcade",yes,yes,Portrait,720,1280,yes (touch),yes (mouse and keyboard),1,English,yes (Continue after game over),games/sky-flap.zip,assets/sky-flap/sky-flap-512x512.jpg assets/sky-flap/sky-flap-512x384.jpg assets/sky-flap/sky-flap-200x120.jpg assets/sky-flap/sky-flap-1280x720.jpg assets/sky-flap/sky-flap-1280x550.jpg
sky-hop,Sky Hop,Sky Hop,Bounce from island to island and climb into the sky.,"Sky Hop is an endless jumping game in the clouds. Your little hopper bounces on its own every time it lands, and you steer it from island to island as you climb higher. Ride springs for a huge boost, collect coins for bonus meters and watch out for crumbling ledges. Fly off one side of the screen and you come back on the other. Fall below the screen and the run is over.","Hold the left or right half of the screen to steer the hopper in the air. It bounces by itself whenever it lands on a platform. With a mouse, hold the button on the left or right half. With a keyboard, use the Left and Right arrows or A and D. Land on platforms to keep climbing, hit springs for a big boost and collect coins for bonus meters.",Hold the left or right half of the screen to steer,Mouse: Hold the mouse button on the left or right half to steer | Keyboard: ← / → or A / D to steer,"Agility, Casual","jumping, platformer, endless, skill, arcade",yes,yes,Portrait,720,1280,yes (touch),yes (mouse and keyboard),1,English,yes (Continue after game over),games/sky-hop.zip,assets/sky-hop/sky-hop-512x512.jpg assets/sky-hop/sky-hop-512x384.jpg assets/sky-hop/sky-hop-200x120.jpg assets/sky-hop/sky-hop-1280x720.jpg assets/sky-hop/sky-hop-1280x550.jpg
snow-sumo,Snow Sumo,Snow Sumo,A one-button snowball sumo brawl on a shrinking ice floe for up to 4 players.,"Snow Sumo is a one button sumo brawl on a shrinking ice floe for 1 to 4 players on one screen. You are a snowball with an arrow circling around you. Hold to charge, let go to dash and crash into rivals to knock them into the freezing sea. Snowballs grow as they roll, and every few seconds a ring of ice breaks away. The last snowball on the ice wins. Bots fill empty seats.","Tap your corner of the screen to join, then press PLAY. While your button is up, an arrow circles your snowball. Hold your corner button to charge and let go to dash the way the arrow points. Keyboard players use Z, M, P and Q, one key each, and Enter or Space to start. Knock rivals off the ice and stay on it yourself.","Tap your corner of the screen to join, then press PLAY. In the match, hold your corner button to charge and let go to dash. Empty seats are filled by bots.","Mouse: Click a corner to join and click PLAY. Hold the mouse button on your corner to charge, release to dash. Bots take every empty seat. | Keyboard: Each player has one key: Z (bottom-left), M (bottom-right), P (top-right) and Q (top-left). Press your key in the lobby to join, Enter or Space to start. Hold your key to charge, let go to dash. Bots fill the empty seats.","Battle, Casual","snowball, snow, 2players, party, physics",yes,yes,Portrait,720,1280,yes (touch),yes (mouse and keyboard),1-4 on one screen (bots fill empty seats),English,no,games/snow-sumo.zip,assets/snow-sumo/snow-sumo-512x512.jpg assets/snow-sumo/snow-sumo-512x384.jpg assets/snow-sumo/snow-sumo-200x120.jpg assets/snow-sumo/snow-sumo-1280x720.jpg assets/snow-sumo/snow-sumo-1280x550.jpg
solitaire,Solitaire,Solitaire,"Classic Klondike solitaire with winnable deals, unlimited undo and hints.","Solitaire is the classic Klondike card game with winnable deals. Build four foundation piles from Ace to King, one per suit, by moving cards between seven tableau columns in alternating colors. Choose Draw 1 for a relaxed game or Draw 3 for a real challenge. Unlimited undo, hints and auto complete help you finish every deal, and a daily deal gives everyone the same cards.","Tap a card to send it to its best spot, or drag cards and stacks between columns. Tap the deck to draw. With a mouse, click or drag and drop. On a keyboard, Space draws, Z undoes, H shows a hint, A auto completes and N deals a new game. Stack cards downward in alternating colors and build each suit from Ace to King.","Tap a card to auto-move it, drag cards and stacks, tap the deck to draw","Mouse: Click a card to auto-move it or drag and drop it; click the deck to draw | Keyboard: Space draws, Z undoes, H shows a hint, A auto-completes, N deals a new game",Cards,"solitaire, klondike, classic, relaxing, logic",yes,yes,Portrait,720,1280,yes (touch),yes (mouse and keyboard),1,English,no,games/solitaire.zip,assets/solitaire/solitaire-512x512.jpg assets/solitaire/solitaire-512x384.jpg assets/solitaire/solitaire-200x120.jpg assets/solitaire/solitaire-1280x720.jpg assets/solitaire/solitaire-1280x550.jpg
stack-tower,Stack Tower Sky,Stack Tower,Drop sliding blocks to build the tallest tower you can.,"Stack Tower Sky is a one tap timing game. A block slides back and forth above your tower and you drop it at the right moment. Whatever hangs over the edge is sliced off, so every miss makes your blocks narrower. Land three perfect drops in a row and your block grows back. The blocks speed up as you climb into the night sky. It takes one tap to learn and a long time to master.","Tap anywhere on the screen to drop the sliding block onto your tower. On a computer, click or press Space, Enter or the Up arrow. Any part of the block that hangs over the edge is cut off. Line up perfect drops to keep your tower wide, and land three in a row to grow your block back. The run ends when a block misses the tower.",Tap anywhere to drop the block,Mouse: Click to drop the block | Keyboard: Space / Enter / ↑ to drop,"Casual, Agility","stack, tower, timing, skill, arcade",yes,yes,Portrait,720,1280,yes (touch),yes (mouse and keyboard),1,English,yes (Continue after game over),games/stack-tower.zip,assets/stack-tower/stack-tower-512x512.jpg assets/stack-tower/stack-tower-512x384.jpg assets/stack-tower/stack-tower-200x120.jpg assets/stack-tower/stack-tower-1280x720.jpg assets/stack-tower/stack-tower-1280x550.jpg
sudoku,Sudoku Daily Grid,Sudoku,"Fresh Sudoku grids with one unique solution, notes, hints and a daily puzzle.","Sudoku Daily Grid is a clean number puzzle with fresh grids that each have one unique solution. Fill every empty cell so each row, column and 3x3 box holds the digits 1 to 9 exactly once. Pick Easy, Medium or Hard, pencil in candidates with notes, and use a hint when you are stuck. Three mistakes end the puzzle and your time is your score. A daily puzzle gives everyone the same grid.","Tap a cell, then tap a number on the pad to fill it. Turn on Notes to pencil in candidates and use Erase or Hint when needed. With a keyboard, press 1 to 9 to fill a cell, the arrow keys to move, N for notes, H for a hint and Backspace to erase. Each row, column and 3x3 box must contain every digit once. Three mistakes end the puzzle.","Tap a cell, then tap a number. Use the Notes, Erase and Hint buttons","Mouse: Click a cell, then click a number on the pad | Keyboard: 1-9 to fill, arrows to move, N for notes, H for a hint, Backspace to erase",Puzzle,"sudoku, number, logic, thinking, daily",yes,yes,Portrait,720,1280,yes (touch),yes (mouse and keyboard),1,English,yes (Continue after game over),games/sudoku.zip,assets/sudoku/sudoku-512x512.jpg assets/sudoku/sudoku-512x384.jpg assets/sudoku/sudoku-200x120.jpg assets/sudoku/sudoku-1280x720.jpg assets/sudoku/sudoku-1280x550.jpg
tank-tango,Tank Tango,Tank Tango,"A one-button tank battle for up to 4 players: spin, drive, let go to fire.","Tank Tango is a one button tank battle for 1 to 4 players on one screen. Your tank spins on the spot until you hold your button, then drives straight ahead. Let go to fire a shell the way you are facing. Shells bounce off walls twice and can hit you on the rebound, so watch the angles. One hit and you are out, and the last tank rolling wins the crown. Bots fill empty seats.","Tap your corner of the screen to join, then press PLAY. While your button is up, your tank spins in place. Hold your corner button to drive forward and let go to fire. You can have two shells in the air at once. Keyboard players use Z, M, P and Q, one key each, and Enter or Space to start. Avoid every shell, including your own.","Tap your corner of the screen to join, then press PLAY. In the match, hold your corner button to drive and let go to fire. Empty seats are filled by bots.","Mouse: Click a corner to join and click PLAY. Hold the mouse button on your corner to drive, release to fire. Bots take every empty seat. | Keyboard: Each player has one key: Z (bottom-left), M (bottom-right), P (top-right) and Q (top-left). Press your key in the lobby to join, Enter or Space to start. Hold your key to drive, let go to fire. Bots fill the empty seats.","Battle, Shooter","tank, 2players, party, arena, friends",no,yes,Portrait,720,1280,yes (touch),yes (mouse and keyboard),1-4 on one screen (bots fill empty seats),English,no,games/tank-tango.zip,assets/tank-tango/tank-tango-512x512.jpg assets/tank-tango/tank-tango-512x384.jpg assets/tank-tango/tank-tango-200x120.jpg assets/tank-tango/tank-tango-1280x720.jpg assets/tank-tango/tank-tango-1280x550.jpg
wordy,Wordy,Wordy,Find the hidden five-letter word in six tries. Daily puzzle plus unlimited words.,"Wordy is a word guessing puzzle: find the hidden five letter word in six tries. After every guess the letters change color. Green means the right letter in the right spot, yellow means the letter is in the word but somewhere else, and gray means it is not in the word at all. Play the daily puzzle that everyone shares, or switch to Classic for unlimited words.","Type a real five letter word with the on-screen keyboard and press ENTER to guess. On a computer you can also type on your keyboard, press Enter to guess and Backspace to delete. Green letters are in the right spot, yellow letters are in the word but in another spot, and gray letters are not in the word. Find the word within six guesses.","Tap the on-screen keyboard to type, ENTER to guess","Mouse: Click the keys on the on-screen keyboard | Keyboard: Type letters, Enter to guess, Backspace to delete","Puzzle, Educational","spelling, logic, thinking, daily, relaxing",yes,yes,Portrait,720,1280,yes (touch),yes (mouse and keyboard),1,English,yes (Continue after game over),games/wordy.zip,assets/wordy/wordy-512x512.jpg assets/wordy/wordy-512x384.jpg assets/wordy/wordy-200x120.jpg assets/wordy/wordy-1280x720.jpg assets/wordy/wordy-1280x550.jpg
zig-zag,Zig Zag,Zig Zag,Tap to turn a rolling ball along a crumbling zig zag path.,"Zig Zag is a one tap reflex game on a narrow path in the sky. Your ball rolls along a zig zag path on its own, and you tap to switch between the two diagonals at every corner. The path crumbles behind you and the ball keeps getting faster. Every tile you cross scores a point and gems are worth 3 more. Miss a turn and the ball falls off the edge.","Tap anywhere to start, then tap again to switch the ball between the up left and up right diagonals. On a computer, click or press Space, Enter or the Up arrow, or steer with the Left and Right arrows. Turn at every corner to stay on the path: rolling off the edge ends the run. Collect gems for bonus points.",Tap anywhere to switch direction,"Mouse: Click to switch direction | Keyboard: Space / Enter / ↑ to switch, or ← and → to steer","Agility, Casual","ball, endless, reflex, skill, arcade",yes,yes,Portrait,720,1280,yes (touch),yes (mouse and keyboard),1,English,yes (Continue after game over),games/zig-zag.zip,assets/zig-zag/zig-zag-512x512.jpg assets/zig-zag/zig-zag-512x384.jpg assets/zig-zag/zig-zag-200x120.jpg assets/zig-zag/zig-zag-1280x720.jpg assets/zig-zag/zig-zag-1280x550.jpg
